ImageName n;Date;MaskName;ImageCutName;ImageHorizontalSobelName;ImageVerticalSobelName;HorizontalPixelNumber;VerticalPixelNumber;DirectionPlanches
(aaaaa Les Fonds sous Chef-Lieu - annexe.jpg;2010:11:01 10:48:26;(aaaaa Les Fonds sous Chef-Lieu - annexemasque.jpg;(aaaaa Les Fonds sous Chef-Lieu - annexeimageDecoup.jpg;Traitements/Sobel_h_(aaaaa Les Fonds sous Chef-Lieu - annexeimageDecoup.jpg;Traitements/Sobel_v_(aaaaa Les Fonds sous Chef-Lieu - annexeimageDecoup.jpg;3757734;3707998;horizontal
(Val di Borzago) 2.jpg;2012:10:19 13:17:22;(Val di Borzago) 2masque.jpg;(Val di Borzago) 2imageDecoup.jpg;Traitements/Sobel_h_(Val di Borzago) 2imageDecoup.jpg;Traitements/Sobel_v_(Val di Borzago) 2imageDecoup.jpg;1122048;1117176;horizontal
A L'Union - annexe.jpg;2007:08:07 18:24:42;A L'Union - annexemasque.jpg;A L'Union - annexeimageDecoup.jpg;Traitements/Sobel_h_A L'Union - annexeimageDecoup.jpg;Traitements/Sobel_v_A L'Union - annexeimageDecoup.jpg;1238711;1201128;horizontal
A L'Union.jpg;2007:08:09 12:18:10;A L'Unionmasque.jpg;A L'UnionimageDecoup.jpg;Traitements/Sobel_h_A L'UnionimageDecoup.jpg;Traitements/Sobel_v_A L'UnionimageDecoup.jpg;786046;777133;horizontal
Abtenau - Postalm 2b.jpg;2016:03:28 12:01:36;Abtenau - Postalm 2bmasque.jpg;Abtenau - Postalm 2bimageDecoup.jpg;Traitements/Sobel_h_Abtenau - Postalm 2bimageDecoup.jpg;Traitements/Sobel_v_Abtenau - Postalm 2bimageDecoup.jpg;8659274;8413778;horizontal
Abtenau - Postalm.jpg;2016:03:28 11:40:47;Abtenau - Postalmmasque.jpg;Abtenau - PostalmimageDecoup.jpg;Traitements/Sobel_h_Abtenau - PostalmimageDecoup.jpg;Traitements/Sobel_v_Abtenau - PostalmimageDecoup.jpg;0;0;identiques
Acceglio - 0liva 1.jpg;2015:05:01 12:02:56;Acceglio - 0liva 1masque.jpg;Acceglio - 0liva 1imageDecoup.jpg;Traitements/Sobel_h_Acceglio - 0liva 1imageDecoup.jpg;Traitements/Sobel_v_Acceglio - 0liva 1imageDecoup.jpg;2533566;2531544;horizontal
Acceglio 1 & 2.jpg;2015:05:01 12:52:38;Acceglio 1 & 2masque.jpg;Acceglio 1 & 2imageDecoup.jpg;Traitements/Sobel_h_Acceglio 1 & 2imageDecoup.jpg;Traitements/Sobel_v_Acceglio 1 & 2imageDecoup.jpg;9297859;9218866;horizontal
Acceglio 2 & 3.jpg;2015:05:01 12:55:44;Acceglio 2 & 3masque.jpg;Acceglio 2 & 3imageDecoup.jpg;Traitements/Sobel_h_Acceglio 2 & 3imageDecoup.jpg;Traitements/Sobel_v_Acceglio 2 & 3imageDecoup.jpg;5947482;5961106;vertical
Acla (Grisons) 1.jpg;2012:10:12 16:30:41;Acla (Grisons) 1masque.jpg;Acla (Grisons) 1imageDecoup.jpg;Traitements/Sobel_h_Acla (Grisons) 1imageDecoup.jpg;Traitements/Sobel_v_Acla (Grisons) 1imageDecoup.jpg;1327339;1339074;vertical
Agentera 1 & 2.jpg;2015:04:30 15:02:33;Agentera 1 & 2masque.jpg;Agentera 1 & 2imageDecoup.jpg;Traitements/Sobel_h_Agentera 1 & 2imageDecoup.jpg;Traitements/Sobel_v_Agentera 1 & 2imageDecoup.jpg;7106582;7119793;vertical
aint-Gervais - Bionnasay 4c.jpg;2016:10:31 10:54:35;aint-Gervais - Bionnasay 4cmasque.jpg;aint-Gervais - Bionnasay 4cimageDecoup.jpg;Traitements/Sobel_h_aint-Gervais - Bionnasay 4cimageDecoup.jpg;Traitements/Sobel_v_aint-Gervais - Bionnasay 4cimageDecoup.jpg;6255624;6217280;horizontal
Ala di Stura.jpg;2013:05:04 19:08:54;Ala di Sturamasque.jpg;Ala di SturaimageDecoup.jpg;Traitements/Sobel_h_Ala di SturaimageDecoup.jpg;Traitements/Sobel_v_Ala di SturaimageDecoup.jpg;5060774;5087353;vertical
Alagna - Bundino 2 (vue arrière d'une maison).jpg;2013:05:08 11:37:37;Alagna - Bundino 2 (vue arrière d'une maison)masque.jpg;Alagna - Bundino 2 (vue arrière d'une maison)imageDecoup.jpg;Traitements/Sobel_h_Alagna - Bundino 2 (vue arrière d'une maison)imageDecoup.jpg;Traitements/Sobel_v_Alagna - Bundino 2 (vue arrière d'une maison)imageDecoup.jpg;5428134;5426142;horizontal
Alagna - Bundino.jpg;2013:05:08 11:34:00;Alagna - Bundinomasque.jpg;Alagna - BundinoimageDecoup.jpg;Traitements/Sobel_h_Alagna - BundinoimageDecoup.jpg;Traitements/Sobel_v_Alagna - BundinoimageDecoup.jpg;1313141;1298583;horizontal
Alagna - Doss (Diss) .jpg;2013:05:08 11:10:07;Alagna - Doss (Diss) masque.jpg;Alagna - Doss (Diss) imageDecoup.jpg;Traitements/Sobel_h_Alagna - Doss (Diss) imageDecoup.jpg;Traitements/Sobel_v_Alagna - Doss (Diss) imageDecoup.jpg;5703229;5661568;horizontal
Alagna - Doss (Diss) 2 c.jpg;2013:05:08 11:17:23;Alagna - Doss (Diss) 2 cmasque.jpg;Alagna - Doss (Diss) 2 cimageDecoup.jpg;Traitements/Sobel_h_Alagna - Doss (Diss) 2 cimageDecoup.jpg;Traitements/Sobel_v_Alagna - Doss (Diss) 2 cimageDecoup.jpg;11030391;11034210;vertical
Alagna - In d'Ekko 1 (annexe four à pains).jpg;2013:05:08 10:38:15;Alagna - In d'Ekko 1 (annexe four à pains)masque.jpg;Alagna - In d'Ekko 1 (annexe four à pains)imageDecoup.jpg;Traitements/Sobel_h_Alagna - In d'Ekko 1 (annexe four à pains)imageDecoup.jpg;Traitements/Sobel_v_Alagna - In d'Ekko 1 (annexe four à pains)imageDecoup.jpg;4142248;4126025;horizontal
Alagna - In d'Ekko 1 b.jpg;2013:05:08 10:22:28;Alagna - In d'Ekko 1 bmasque.jpg;Alagna - In d'Ekko 1 bimageDecoup.jpg;Traitements/Sobel_h_Alagna - In d'Ekko 1 bimageDecoup.jpg;Traitements/Sobel_v_Alagna - In d'Ekko 1 bimageDecoup.jpg;10024506;10030058;vertical
Alagna - In d'Ekko 1 f (extension toit).jpg;2013:05:08 10:23:21;Alagna - In d'Ekko 1 f (extension toit)masque.jpg;Alagna - In d'Ekko 1 f (extension toit)imageDecoup.jpg;Traitements/Sobel_h_Alagna - In d'Ekko 1 f (extension toit)imageDecoup.jpg;Traitements/Sobel_v_Alagna - In d'Ekko 1 f (extension toit)imageDecoup.jpg;10969374;10953732;horizontal
Alagna - in d'Ekko 2.jpg;2013:05:08 12:00:44;Alagna - in d'Ekko 2masque.jpg;Alagna - in d'Ekko 2imageDecoup.jpg;Traitements/Sobel_h_Alagna - in d'Ekko 2imageDecoup.jpg;Traitements/Sobel_v_Alagna - in d'Ekko 2imageDecoup.jpg;5550481;5481597;horizontal
Alagna - Pedemonte 1 a.jpg;2013:05:07 15:49:20;Alagna - Pedemonte 1 amasque.jpg;Alagna - Pedemonte 1 aimageDecoup.jpg;Traitements/Sobel_h_Alagna - Pedemonte 1 aimageDecoup.jpg;Traitements/Sobel_v_Alagna - Pedemonte 1 aimageDecoup.jpg;2446227;2389319;horizontal
Alagna - Pedemonte 3 & 4.jpg;2013:05:07 15:50:59;Alagna - Pedemonte 3 & 4masque.jpg;Alagna - Pedemonte 3 & 4imageDecoup.jpg;Traitements/Sobel_h_Alagna - Pedemonte 3 & 4imageDecoup.jpg;Traitements/Sobel_v_Alagna - Pedemonte 3 & 4imageDecoup.jpg;6262982;6198898;horizontal
Alagna - Pedemonte 5.jpg;2013:05:07 15:56:20;Alagna - Pedemonte 5masque.jpg;Alagna - Pedemonte 5imageDecoup.jpg;Traitements/Sobel_h_Alagna - Pedemonte 5imageDecoup.jpg;Traitements/Sobel_v_Alagna - Pedemonte 5imageDecoup.jpg;9997112;10043868;vertical
Alagna - Wold 1 & 2.jpg;2013:05:07 16:15:18;Alagna - Wold 1 & 2masque.jpg;Alagna - Wold 1 & 2imageDecoup.jpg;Traitements/Sobel_h_Alagna - Wold 1 & 2imageDecoup.jpg;Traitements/Sobel_v_Alagna - Wold 1 & 2imageDecoup.jpg;553380;548495;horizontal
Alagna - Wold 1 b.jpg;2013:05:07 16:18:06;Alagna - Wold 1 bmasque.jpg;Alagna - Wold 1 bimageDecoup.jpg;Traitements/Sobel_h_Alagna - Wold 1 bimageDecoup.jpg;Traitements/Sobel_v_Alagna - Wold 1 bimageDecoup.jpg;4718269;4658658;horizontal
Alagna - Wold 1 i (1er étage).jpg;2013:05:07 16:25:29;Alagna - Wold 1 i (1er étage)masque.jpg;Alagna - Wold 1 i (1er étage)imageDecoup.jpg;Traitements/Sobel_h_Alagna - Wold 1 i (1er étage)imageDecoup.jpg;Traitements/Sobel_v_Alagna - Wold 1 i (1er étage)imageDecoup.jpg;5574910;5617297;vertical
Alagna - Wold 1 l (entrée cuisine).jpg;2013:05:07 16:29:54;Alagna - Wold 1 l (entrée cuisine)masque.jpg;Alagna - Wold 1 l (entrée cuisine)imageDecoup.jpg;Traitements/Sobel_h_Alagna - Wold 1 l (entrée cuisine)imageDecoup.jpg;Traitements/Sobel_v_Alagna - Wold 1 l (entrée cuisine)imageDecoup.jpg;3335857;3370326;vertical
Alagna - Wold 1 n (cuisine, trou fumée).jpg;2013:05:07 16:30:27;Alagna - Wold 1 n (cuisine, trou fumée)masque.jpg;Alagna - Wold 1 n (cuisine, trou fumée)imageDecoup.jpg;Traitements/Sobel_h_Alagna - Wold 1 n (cuisine, trou fumée)imageDecoup.jpg;Traitements/Sobel_v_Alagna - Wold 1 n (cuisine, trou fumée)imageDecoup.jpg;514671;516232;vertical
Alagna - Wold 1 o (cuisine vue extérieure).jpg;2013:05:07 16:32:12;Alagna - Wold 1 o (cuisine vue extérieure)masque.jpg;Alagna - Wold 1 o (cuisine vue extérieure)imageDecoup.jpg;Traitements/Sobel_h_Alagna - Wold 1 o (cuisine vue extérieure)imageDecoup.jpg;Traitements/Sobel_v_Alagna - Wold 1 o (cuisine vue extérieure)imageDecoup.jpg;4174017;4162080;horizontal
Alagna - Wold 1 p (cuisine vue latérale).jpg;2013:05:07 16:32:33;Alagna - Wold 1 p (cuisine vue latérale)masque.jpg;Alagna - Wold 1 p (cuisine vue latérale)imageDecoup.jpg;Traitements/Sobel_h_Alagna - Wold 1 p (cuisine vue latérale)imageDecoup.jpg;Traitements/Sobel_v_Alagna - Wold 1 p (cuisine vue latérale)imageDecoup.jpg;5748736;5649173;horizontal
Alagna - Wold 2 f (âtre).jpg;2013:05:07 16:40:29;Alagna - Wold 2 f (âtre)masque.jpg;Alagna - Wold 2 f (âtre)imageDecoup.jpg;Traitements/Sobel_h_Alagna - Wold 2 f (âtre)imageDecoup.jpg;Traitements/Sobel_v_Alagna - Wold 2 f (âtre)imageDecoup.jpg;4795448;4802185;vertical
Alagna - Wold 2 g (plancher de balcon).jpg;2013:05:07 16:41:52;Alagna - Wold 2 g (plancher de balcon)masque.jpg;Alagna - Wold 2 g (plancher de balcon)imageDecoup.jpg;Traitements/Sobel_h_Alagna - Wold 2 g (plancher de balcon)imageDecoup.jpg;Traitements/Sobel_v_Alagna - Wold 2 g (plancher de balcon)imageDecoup.jpg;4039694;4059780;vertical
Albiez-le-Jeune - panorama.jpg;2015:04:23 17:13:35;Albiez-le-Jeune - panoramamasque.jpg;Albiez-le-Jeune - panoramaimageDecoup.jpg;Traitements/Sobel_h_Albiez-le-Jeune - panoramaimageDecoup.jpg;Traitements/Sobel_v_Albiez-le-Jeune - panoramaimageDecoup.jpg;2617175;2642776;vertical
Albiez-Montrond - La Cochette 1.jpg;2015:04:23 17:46:57;Albiez-Montrond - La Cochette 1masque.jpg;Albiez-Montrond - La Cochette 1imageDecoup.jpg;Traitements/Sobel_h_Albiez-Montrond - La Cochette 1imageDecoup.jpg;Traitements/Sobel_v_Albiez-Montrond - La Cochette 1imageDecoup.jpg;144649;147813;vertical
Allevè 1 a.jpg;2013:05:03 17:57:27;Allevè 1 amasque.jpg;Allevè 1 aimageDecoup.jpg;Traitements/Sobel_h_Allevè 1 aimageDecoup.jpg;Traitements/Sobel_v_Allevè 1 aimageDecoup.jpg;6068945;5984852;horizontal
Allevè 4 + 1.jpg;2013:05:03 18:04:32;Allevè 4 + 1masque.jpg;Allevè 4 + 1imageDecoup.jpg;Traitements/Sobel_h_Allevè 4 + 1imageDecoup.jpg;Traitements/Sobel_v_Allevè 4 + 1imageDecoup.jpg;6038740;6018618;horizontal
Amazas (Oulx) 2.jpg;2015:04:22 15:42:47;Amazas (Oulx) 2masque.jpg;Amazas (Oulx) 2imageDecoup.jpg;Traitements/Sobel_h_Amazas (Oulx) 2imageDecoup.jpg;Traitements/Sobel_v_Amazas (Oulx) 2imageDecoup.jpg;2826446;2798452;horizontal
aMegève - Le Villard c.jpg;2016:10:11 13:12:00;aMegève - Le Villard cmasque.jpg;aMegève - Le Villard cimageDecoup.jpg;Traitements/Sobel_h_aMegève - Le Villard cimageDecoup.jpg;Traitements/Sobel_v_aMegève - Le Villard cimageDecoup.jpg;9475128;9219740;horizontal
Andraz - Cernadoi 2.jpg;2012:10:17 13:21:22;Andraz - Cernadoi 2masque.jpg;Andraz - Cernadoi 2imageDecoup.jpg;Traitements/Sobel_h_Andraz - Cernadoi 2imageDecoup.jpg;Traitements/Sobel_v_Andraz - Cernadoi 2imageDecoup.jpg;1467122;1462402;horizontal
Andraz - Cernoido.jpg;2012:10:17 12:29:35;Andraz - Cernoidomasque.jpg;Andraz - CernoidoimageDecoup.jpg;Traitements/Sobel_h_Andraz - CernoidoimageDecoup.jpg;Traitements/Sobel_v_Andraz - CernoidoimageDecoup.jpg;1159051;1159996;vertical
Annuit (chez Pichol) - annexe.jpg;2010:08:15 17:41:11;Annuit (chez Pichol) - annexemasque.jpg;Annuit (chez Pichol) - annexeimageDecoup.jpg;Traitements/Sobel_h_Annuit (chez Pichol) - annexeimageDecoup.jpg;Traitements/Sobel_v_Annuit (chez Pichol) - annexeimageDecoup.jpg;5057525;5053657;horizontal
Annuit 14 - annexe.jpg;2007:08:11 11:46:44;Annuit 14 - annexemasque.jpg;Annuit 14 - annexeimageDecoup.jpg;Traitements/Sobel_h_Annuit 14 - annexeimageDecoup.jpg;Traitements/Sobel_v_Annuit 14 - annexeimageDecoup.jpg;734166;739294;vertical
Annuit 17 .jpg;2007:08:11 12:23:58;Annuit 17 masque.jpg;Annuit 17 imageDecoup.jpg;Traitements/Sobel_h_Annuit 17 imageDecoup.jpg;Traitements/Sobel_v_Annuit 17 imageDecoup.jpg;835044;822101;horizontal
après les Saisies.jpg;2010:08:23 16:38:18;après les Saisiesmasque.jpg;après les SaisiesimageDecoup.jpg;Traitements/Sobel_h_après les SaisiesimageDecoup.jpg;Traitements/Sobel_v_après les SaisiesimageDecoup.jpg;1806067;1775853;horizontal
Aquila (Tessin) 1.jpg;2012:10:12 15:03:11;Aquila (Tessin) 1masque.jpg;Aquila (Tessin) 1imageDecoup.jpg;Traitements/Sobel_h_Aquila (Tessin) 1imageDecoup.jpg;Traitements/Sobel_v_Aquila (Tessin) 1imageDecoup.jpg;5740144;5628167;horizontal
Arnace - Sentilj 1 - annexe.jpg;2014:10:16 14:40:54;Arnace - Sentilj 1 - annexemasque.jpg;Arnace - Sentilj 1 - annexeimageDecoup.jpg;Traitements/Sobel_h_Arnace - Sentilj 1 - annexeimageDecoup.jpg;Traitements/Sobel_v_Arnace - Sentilj 1 - annexeimageDecoup.jpg;4779494;4831647;vertical
Arnace - Sentilj 1b.jpg;2014:10:16 14:39:18;Arnace - Sentilj 1bmasque.jpg;Arnace - Sentilj 1bimageDecoup.jpg;Traitements/Sobel_h_Arnace - Sentilj 1bimageDecoup.jpg;Traitements/Sobel_v_Arnace - Sentilj 1bimageDecoup.jpg;4179864;4067674;horizontal
Arnace - Sentilj 2 annexe (presse).jpg;2014:10:16 15:41:42;Arnace - Sentilj 2 annexe (presse)masque.jpg;Arnace - Sentilj 2 annexe (presse)imageDecoup.jpg;Traitements/Sobel_h_Arnace - Sentilj 2 annexe (presse)imageDecoup.jpg;Traitements/Sobel_v_Arnace - Sentilj 2 annexe (presse)imageDecoup.jpg;1723805;1704348;horizontal
Arnace - Sentilj 2 habitation.jpg;2014:10:16 15:42:09;Arnace - Sentilj 2 habitationmasque.jpg;Arnace - Sentilj 2 habitationimageDecoup.jpg;Traitements/Sobel_h_Arnace - Sentilj 2 habitationimageDecoup.jpg;Traitements/Sobel_v_Arnace - Sentilj 2 habitationimageDecoup.jpg;2901374;2984915;vertical
Arriach (Kärnten - Carenthie).jpg;2014:11:12 15:49:33;Arriach (Kärnten - Carenthie)masque.jpg;Arriach (Kärnten - Carenthie)imageDecoup.jpg;Traitements/Sobel_h_Arriach (Kärnten - Carenthie)imageDecoup.jpg;Traitements/Sobel_v_Arriach (Kärnten - Carenthie)imageDecoup.jpg;299743;301186;vertical
Atelier Vrata .jpg;2014:10:19 13:16:53;Atelier Vrata masque.jpg;Atelier Vrata imageDecoup.jpg;Traitements/Sobel_h_Atelier Vrata imageDecoup.jpg;Traitements/Sobel_v_Atelier Vrata imageDecoup.jpg;2420098;2456880;vertical
au dessus des Prés.jpg;2010:08:28 11:24:52;au dessus des Présmasque.jpg;au dessus des PrésimageDecoup.jpg;Traitements/Sobel_h_au dessus des PrésimageDecoup.jpg;Traitements/Sobel_v_au dessus des PrésimageDecoup.jpg;4055773;3978482;horizontal
Au-dessus de Colombe.jpg;2011:08:04 12:23:04;Au-dessus de Colombemasque.jpg;Au-dessus de ColombeimageDecoup.jpg;Traitements/Sobel_h_Au-dessus de ColombeimageDecoup.jpg;Traitements/Sobel_v_Au-dessus de ColombeimageDecoup.jpg;2481669;2433243;horizontal
Au-dessus de Liez 1.jpg;2012:10:21 12:55:58;Au-dessus de Liez 1masque.jpg;Au-dessus de Liez 1imageDecoup.jpg;Traitements/Sobel_h_Au-dessus de Liez 1imageDecoup.jpg;Traitements/Sobel_v_Au-dessus de Liez 1imageDecoup.jpg;7767526;7683109;horizontal
au-dessus de meilleur.jpg;2006:08:10 18:18:42;au-dessus de meilleurmasque.jpg;au-dessus de meilleurimageDecoup.jpg;Traitements/Sobel_h_au-dessus de meilleurimageDecoup.jpg;Traitements/Sobel_v_au-dessus de meilleurimageDecoup.jpg;975971;975186;horizontal
Auronzo - Casa Orsina.jpg;2012:10:17 11:51:09;Auronzo - Casa Orsinamasque.jpg;Auronzo - Casa OrsinaimageDecoup.jpg;Traitements/Sobel_h_Auronzo - Casa OrsinaimageDecoup.jpg;Traitements/Sobel_v_Auronzo - Casa OrsinaimageDecoup.jpg;4854746;4833566;horizontal
Auronzo - Casa San Marco 1.jpg;2012:10:17 11:43:48;Auronzo - Casa San Marco 1masque.jpg;Auronzo - Casa San Marco 1imageDecoup.jpg;Traitements/Sobel_h_Auronzo - Casa San Marco 1imageDecoup.jpg;Traitements/Sobel_v_Auronzo - Casa San Marco 1imageDecoup.jpg;3308503;3287051;horizontal
Ayas - Le Trochet a.jpg;2016:10:13 11:22:40;Ayas - Le Trochet amasque.jpg;Ayas - Le Trochet aimageDecoup.jpg;Traitements/Sobel_h_Ayas - Le Trochet aimageDecoup.jpg;Traitements/Sobel_v_Ayas - Le Trochet aimageDecoup.jpg;4126410;4101268;horizontal
Ayas - St-jacques des Allemands 1a.jpg;2016:10:13 11:51:35;Ayas - St-jacques des Allemands 1amasque.jpg;Ayas - St-jacques des Allemands 1aimageDecoup.jpg;Traitements/Sobel_h_Ayas - St-jacques des Allemands 1aimageDecoup.jpg;Traitements/Sobel_v_Ayas - St-jacques des Allemands 1aimageDecoup.jpg;4468281;4490604;vertical
Balma - Riva Valdobbia 1.jpg;2013:05:08 11:12:10;Balma - Riva Valdobbia 1masque.jpg;Balma - Riva Valdobbia 1imageDecoup.jpg;Traitements/Sobel_h_Balma - Riva Valdobbia 1imageDecoup.jpg;Traitements/Sobel_v_Balma - Riva Valdobbia 1imageDecoup.jpg;4482923;4452883;horizontal
Balme 4 b.jpg;2013:05:04 18:40:55;Balme 4 bmasque.jpg;Balme 4 bimageDecoup.jpg;Traitements/Sobel_h_Balme 4 bimageDecoup.jpg;Traitements/Sobel_v_Balme 4 bimageDecoup.jpg;4796899;4755326;horizontal
Bassé Haut détail.jpg;2013:05:03 14:33:45;Bassé Haut détailmasque.jpg;Bassé Haut détailimageDecoup.jpg;Traitements/Sobel_h_Bassé Haut détailimageDecoup.jpg;Traitements/Sobel_v_Bassé Haut détailimageDecoup.jpg;8283829;8255055;horizontal
Bedretto (Tessin) 1.jpg;2012:10:12 12:37:22;Bedretto (Tessin) 1masque.jpg;Bedretto (Tessin) 1imageDecoup.jpg;Traitements/Sobel_h_Bedretto (Tessin) 1imageDecoup.jpg;Traitements/Sobel_v_Bedretto (Tessin) 1imageDecoup.jpg;4106372;4073316;horizontal
Bellamonte (Val Travignolo) 1.jpg;2012:10:18 15:01:27;Bellamonte (Val Travignolo) 1masque.jpg;Bellamonte (Val Travignolo) 1imageDecoup.jpg;Traitements/Sobel_h_Bellamonte (Val Travignolo) 1imageDecoup.jpg;Traitements/Sobel_v_Bellamonte (Val Travignolo) 1imageDecoup.jpg;1715484;1675078;horizontal
Bellasta 2 - annexe.jpg;2010:08:23 12:38:19;Bellasta 2 - annexemasque.jpg;Bellasta 2 - annexeimageDecoup.jpg;Traitements/Sobel_h_Bellasta 2 - annexeimageDecoup.jpg;Traitements/Sobel_v_Bellasta 2 - annexeimageDecoup.jpg;1323188;1320480;horizontal
Belleville (bar du télécabine).jpg;2010:08:10 18:16:22;Belleville (bar du télécabine)masque.jpg;Belleville (bar du télécabine)imageDecoup.jpg;Traitements/Sobel_h_Belleville (bar du télécabine)imageDecoup.jpg;Traitements/Sobel_v_Belleville (bar du télécabine)imageDecoup.jpg;2810002;2773477;horizontal
Belleville (parking du télécabine).jpg;2010:08:10 18:13:59;Belleville (parking du télécabine)masque.jpg;Belleville (parking du télécabine)imageDecoup.jpg;Traitements/Sobel_h_Belleville (parking du télécabine)imageDecoup.jpg;Traitements/Sobel_v_Belleville (parking du télécabine)imageDecoup.jpg;3009880;2993435;horizontal
Belleville 4 - annexe.jpg;2011:07:10 17:08:23;Belleville 4 - annexemasque.jpg;Belleville 4 - annexeimageDecoup.jpg;Traitements/Sobel_h_Belleville 4 - annexeimageDecoup.jpg;Traitements/Sobel_v_Belleville 4 - annexeimageDecoup.jpg;6229001;6221261;horizontal
Belleville 5 - annexe.jpg;2011:08:16 15:50:40;Belleville 5 - annexemasque.jpg;Belleville 5 - annexeimageDecoup.jpg;Traitements/Sobel_h_Belleville 5 - annexeimageDecoup.jpg;Traitements/Sobel_v_Belleville 5 - annexeimageDecoup.jpg;6131169;6122781;horizontal
Belleville 8 - annexe.jpg;2011:08:29 18:38:13;Belleville 8 - annexemasque.jpg;Belleville 8 - annexeimageDecoup.jpg;Traitements/Sobel_h_Belleville 8 - annexeimageDecoup.jpg;Traitements/Sobel_v_Belleville 8 - annexeimageDecoup.jpg;5907923;5867057;horizontal
Bellino - Celle .jpg;2015:04:29 13:26:43;Bellino - Celle masque.jpg;Bellino - Celle imageDecoup.jpg;Traitements/Sobel_h_Bellino - Celle imageDecoup.jpg;Traitements/Sobel_v_Bellino - Celle imageDecoup.jpg;3555816;3512988;horizontal
Bellino - Chiazale.jpg;2015:04:29 13:37:13;Bellino - Chiazalemasque.jpg;Bellino - ChiazaleimageDecoup.jpg;Traitements/Sobel_h_Bellino - ChiazaleimageDecoup.jpg;Traitements/Sobel_v_Bellino - ChiazaleimageDecoup.jpg;987555;982953;horizontal
Bellino - Pleyne 1 & 2.jpg;2015:04:29 13:11:15;Bellino - Pleyne 1 & 2masque.jpg;Bellino - Pleyne 1 & 2imageDecoup.jpg;Traitements/Sobel_h_Bellino - Pleyne 1 & 2imageDecoup.jpg;Traitements/Sobel_v_Bellino - Pleyne 1 & 2imageDecoup.jpg;9624002;9499697;horizontal
Bernau 1 et 2.jpg;2014:10:14 10:20:10;Bernau 1 et 2masque.jpg;Bernau 1 et 2imageDecoup.jpg;Traitements/Sobel_h_Bernau 1 et 2imageDecoup.jpg;Traitements/Sobel_v_Bernau 1 et 2imageDecoup.jpg;980567;969781;horizontal
Bessans - les Vincendières.jpg;2016:10:14 15:36:14;Bessans - les Vincendièresmasque.jpg;Bessans - les VincendièresimageDecoup.jpg;Traitements/Sobel_h_Bessans - les VincendièresimageDecoup.jpg;Traitements/Sobel_v_Bessans - les VincendièresimageDecoup.jpg;1000240;1001458;vertical
Bessé bas - paysage.jpg;2013:05:03 17:32:47;Bessé bas - paysagemasque.jpg;Bessé bas - paysageimageDecoup.jpg;Traitements/Sobel_h_Bessé bas - paysageimageDecoup.jpg;Traitements/Sobel_v_Bessé bas - paysageimageDecoup.jpg;5464261;5439079;horizontal
Bessé bas 2 + 1.jpg;2013:05:03 17:24:36;Bessé bas 2 + 1masque.jpg;Bessé bas 2 + 1imageDecoup.jpg;Traitements/Sobel_h_Bessé bas 2 + 1imageDecoup.jpg;Traitements/Sobel_v_Bessé bas 2 + 1imageDecoup.jpg;2662010;2605369;horizontal
Bessé bas 2 e + 3.jpg;2013:05:03 17:23:36;Bessé bas 2 e + 3masque.jpg;Bessé bas 2 e + 3imageDecoup.jpg;Traitements/Sobel_h_Bessé bas 2 e + 3imageDecoup.jpg;Traitements/Sobel_v_Bessé bas 2 e + 3imageDecoup.jpg;4077067;3994878;horizontal
Bessé bas 5.jpg;2013:05:03 17:29:00;Bessé bas 5masque.jpg;Bessé bas 5imageDecoup.jpg;Traitements/Sobel_h_Bessé bas 5imageDecoup.jpg;Traitements/Sobel_v_Bessé bas 5imageDecoup.jpg;4304735;4289658;horizontal
Bienzwiler - Brünigpass 1 + 2.jpg;2013:08:14 14:37:59;Bienzwiler - Brünigpass 1 + 2masque.jpg;Bienzwiler - Brünigpass 1 + 2imageDecoup.jpg;Traitements/Sobel_h_Bienzwiler - Brünigpass 1 + 2imageDecoup.jpg;Traitements/Sobel_v_Bienzwiler - Brünigpass 1 + 2imageDecoup.jpg;303066;299420;horizontal
Bienzwiler - Brünigpass 1d.jpg;2013:08:14 14:34:11;Bienzwiler - Brünigpass 1dmasque.jpg;Bienzwiler - Brünigpass 1dimageDecoup.jpg;Traitements/Sobel_h_Bienzwiler - Brünigpass 1dimageDecoup.jpg;Traitements/Sobel_v_Bienzwiler - Brünigpass 1dimageDecoup.jpg;4621544;4589760;horizontal
Bobbio Pellice a.jpg;2015:04:28 09:27:19;Bobbio Pellice amasque.jpg;Bobbio Pellice aimageDecoup.jpg;Traitements/Sobel_h_Bobbio Pellice aimageDecoup.jpg;Traitements/Sobel_v_Bobbio Pellice aimageDecoup.jpg;5169438;5142088;horizontal
Bocna - Nadbocna a.jpg;2014:10:17 10:19:16;Bocna - Nadbocna amasque.jpg;Bocna - Nadbocna aimageDecoup.jpg;Traitements/Sobel_h_Bocna - Nadbocna aimageDecoup.jpg;Traitements/Sobel_v_Bocna - Nadbocna aimageDecoup.jpg;2260400;2248504;horizontal
Bocna - Nadbocna annexe 1b.jpg;2014:10:17 10:25:23;Bocna - Nadbocna annexe 1bmasque.jpg;Bocna - Nadbocna annexe 1bimageDecoup.jpg;Traitements/Sobel_h_Bocna - Nadbocna annexe 1bimageDecoup.jpg;Traitements/Sobel_v_Bocna - Nadbocna annexe 1bimageDecoup.jpg;3203137;3112982;horizontal
Bocna - Nadbocna.jpg;2014:10:17 10:31:51;Bocna - Nadbocnamasque.jpg;Bocna - NadbocnaimageDecoup.jpg;Traitements/Sobel_h_Bocna - NadbocnaimageDecoup.jpg;Traitements/Sobel_v_Bocna - NadbocnaimageDecoup.jpg;3078302;3087995;vertical
Bormio 2 a.jpg;2014:04:21 11:41:29;Bormio 2 amasque.jpg;Bormio 2 aimageDecoup.jpg;Traitements/Sobel_h_Bormio 2 aimageDecoup.jpg;Traitements/Sobel_v_Bormio 2 aimageDecoup.jpg;8252544;8145746;horizontal
Bormio 2 b .jpg;2014:04:21 11:42:16;Bormio 2 b masque.jpg;Bormio 2 b imageDecoup.jpg;Traitements/Sobel_h_Bormio 2 b imageDecoup.jpg;Traitements/Sobel_v_Bormio 2 b imageDecoup.jpg;11446254;11399287;horizontal
Bracciello 1 a.jpg;2013:05:04 19:27:12;Bracciello 1 amasque.jpg;Bracciello 1 aimageDecoup.jpg;Traitements/Sobel_h_Bracciello 1 aimageDecoup.jpg;Traitements/Sobel_v_Bracciello 1 aimageDecoup.jpg;1842896;1829613;horizontal
Bramans - Le Verney 1.jpg;2016:10:14 12:55:16;Bramans - Le Verney 1masque.jpg;Bramans - Le Verney 1imageDecoup.jpg;Traitements/Sobel_h_Bramans - Le Verney 1imageDecoup.jpg;Traitements/Sobel_v_Bramans - Le Verney 1imageDecoup.jpg;5092912;5212092;vertical
Bramans - Le Verney.jpg;2016:10:14 12:54:47;Bramans - Le Verneymasque.jpg;Bramans - Le VerneyimageDecoup.jpg;Traitements/Sobel_h_Bramans - Le VerneyimageDecoup.jpg;Traitements/Sobel_v_Bramans - Le VerneyimageDecoup.jpg;14108253;14069820;horizontal
